order_id,order_date,ship_date,ship_mode,customer_id,region,product_id,category,sales,quantity,profit,transit_date
CA-2020-152156,2020-11-08,2020-11-11,Second Class,CG-12520,South,FUR-BO-10001798,,262.0,2,41.9,3
CA-2020-152156,2020-11-08,2020-11-11,Second Class,CG-12520,South,FUR-CH-10000454,Furniture,731.9,3,219.6,3
CA-2020-138688,2020-06-12,2020-06-16,,DV-13045,West,OFF-LA-10000240,Office Supplies,14.6,2,6.9,4
US-2019-108966,2019-10-11,2019-10-18,Standard Class,SO-20335,South,FUR-TA-10000577,Furniture,957.6,5,-383.0,7
US-2019-108966,2019-10-11,2019-10-18,Standard Class,SO-20335,South,OFF-ST-10000760,Office Supplies,22.4,2,2.5,7
CA-2018-115812,2018-06-09,2018-06-14,Standard Class,BH-11710,West,FUR-FU-10001487,Furniture,48.9,7,14.2,5
CA-2018-115812,2018-06-09,2018-06-14,Standard Class,BH-11710,West,OFF-AR-10002833,Office Supplies,7.3,4,2.0,5
CA-2018-115812,2018-06-09,2018-06-14,Standard Class,BH-11710,West,TEC-PH-10002275,Technology,907.2,6,90.7,5
CA-2018-115812,2018-06-09,2018-06-14,Standard Class,BH-11710,West,OFF-BI-10003910,Office Supplies,18.5,3,5.8,5
CA-2018-115812,2018-06-09,2018-06-14,Standard Class,BH-11710,West,OFF-AP-10002892,Office Supplies,114.9,5,34.5,5
CA-2018-115812,2018-06-09,2018-06-14,Standard Class,BH-11710,West,FUR-TA-10001539,Furniture,1706.2,9,85.3,5
CA-2018-115812,2018-06-09,2018-06-14,Standard Class,BH-11710,West,TEC-PH-10002033,Technology,911.4,4,68.4,5
CA-2021-114412,2021-04-15,2021-04-20,Standard Class,AA-10480,South,OFF-PA-10002365,Office Supplies,15.6,3,5.4,5
CA-2020-161389,2020-12-05,2020-12-10,Standard Class,IM-15070,West,OFF-BI-10003656,Office Supplies,408.0,3,132.6,5
US-2019-118983,2019-11-22,2019-11-26,Standard Class,HP-14815,Central,OFF-AP-10002311,Office Supplies,68.8,5,-123.9,4
US-2019-118983,2019-11-22,2019-11-26,Standard Class,HP-14815,Central,OFF-BI-10000756,Office Supplies,2.5,3,-3.8,4
CA-2018-105893,2018-11-11,2018-11-18,Standard Class,PK-19075,Central,OFF-ST-10004186,Office Supplies,665.9,6,13.3,7
CA-2018-167164,2018-05-13,2018-05-15,Second Class,AG-10270,West,OFF-ST-10000107,Office Supplies,55.5,2,10.0,2
CA-2018-143336,2018-08-27,2018-09-01,Second Class,ZD-21925,West,OFF-AR-10003056,Office Supplies,8.6,2,2.5,5
CA-2018-143336,2018-08-27,2018-09-01,Second Class,ZD-21925,West,TEC-PH-10001949,Technology,213.5,3,16.0,5
CA-2018-143336,2018-08-27,2018-09-01,Second Class,ZD-21925,West,OFF-BI-10002215,Office Supplies,22.7,4,7.4,5
CA-2020-137330,2020-12-09,2020-12-13,Standard Class,KB-16585,Central,OFF-AR-10000246,Office Supplies,19.5,7,5.1,4
CA-2020-137330,2020-12-09,2020-12-13,Standard Class,KB-16585,Central,OFF-AP-10001492,Office Supplies,60.3,7,15.7,4
US-2021-156909,2021-07-16,2021-07-18,Second Class,SF-20065,East,FUR-CH-10002774,Furniture,71.4,2,-1.0,2
CA-2019-106320,2019-09-25,2019-09-30,Standard Class,EB-13870,West,FUR-TA-10000577,Furniture,1044.6,3,240.3,5
CA-2020-121755,2020-01-16,2020-01-20,Second Class,EH-13945,West,OFF-BI-10001634,Office Supplies,11.6,2,4.2,4
CA-2020-121755,2020-01-16,2020-01-20,Second Class,EH-13945,West,TEC-AC-10003027,Technology,90.6,3,11.8,4
US-2019-150630,2019-09-17,2019-09-21,Standard Class,TB-21520,East,FUR-BO-10004834,Furniture,3083.4,7,-1665.1,4
US-2019-150630,2019-09-17,2019-09-21,Standard Class,TB-21520,East,OFF-BI-10000474,Office Supplies,9.6,2,-7.1,4
US-2019-150630,2019-09-17,2019-09-21,Standard Class,TB-21520,East,FUR-FU-10004848,Furniture,124.2,3,15.5,4
US-2019-150630,2019-09-17,2019-09-21,Standard Class,TB-21520,East,OFF-EN-10001509,Office Supplies,3.3,2,1.1,4
US-2019-150630,2019-09-17,2019-09-21,Standard Class,TB-21520,East,OFF-AR-10004042,Office Supplies,86.3,6,9.7,4
US-2019-150630,2019-09-17,2019-09-21,Standard Class,TB-21520,East,OFF-BI-10001525,Office Supplies,6.9,6,-5.7,4
US-2019-150630,2019-09-17,2019-09-21,Standard Class,TB-21520,East,OFF-AR-10001683,Office Supplies,15.8,2,3.5,4
CA-2021-107727,2021-10-19,2021-10-23,Second Class,MA-17560,Central,OFF-PA-10000249,Office Supplies,29.5,3,9.9,4
CA-2020-117590,2020-12-08,2020-12-10,First Class,GH-14485,Central,TEC-PH-10004977,Technology,1097.5,7,123.5,2
CA-2020-117590,2020-12-08,2020-12-10,First Class,GH-14485,Central,FUR-FU-10003664,Furniture,190.9,5,-148.0,2
CA-2019-117415,2019-12-27,2019-12-31,Standard Class,SN-20710,Central,OFF-EN-10002986,Office Supplies,113.3,9,35.4,4
CA-2019-117415,2019-12-27,2019-12-31,Standard Class,SN-20710,Central,FUR-BO-10002545,Furniture,532.4,3,-47.0,4
CA-2019-117415,2019-12-27,2019-12-31,Standard Class,SN-20710,Central,FUR-CH-10004218,Furniture,212.1,3,-15.1,4
CA-2019-117415,2019-12-27,2019-12-31,Standard Class,SN-20710,Central,TEC-PH-10000486,Technology,371.2,4,41.8,4
CA-2021-120999,2021-09-10,2021-09-15,Standard Class,LC-16930,Central,TEC-PH-10004093,Technology,147.2,4,16.6,5
CA-2020-101343,2020-07-17,2020-07-22,Standard Class,RA-19885,West,OFF-ST-10003479,Office Supplies,77.9,2,3.9,5
CA-2021-139619,2021-09-19,2021-09-23,Standard Class,ES-14080,South,OFF-ST-10003282,Office Supplies,95.6,2,9.6,4
CA-2020-118255,2020-03-11,2020-03-13,First Class,ON-18715,Central,TEC-AC-10000171,Technology,46.0,2,19.8,2
CA-2020-118255,2020-03-11,2020-03-13,First Class,ON-18715,Central,OFF-BI-10003291,Office Supplies,17.5,2,8.2,2
CA-2018-146703,2018-10-20,2018-10-25,Second Class,PO-18865,Central,OFF-ST-10001713,Office Supplies,212.0,4,8.5,5
CA-2020-169194,2020-06-20,2020-06-25,Standard Class,LH-16900,East,TEC-AC-10002167,Technology,45.0,3,5.0,5
CA-2020-169194,2020-06-20,2020-06-25,Standard Class,LH-16900,East,TEC-PH-10003988,Technology,21.8,2,6.1,5
CA-2019-115742,2019-04-18,2019-04-22,Standard Class,DP-13000,Central,OFF-BI-10004410,Office Supplies,38.2,6,18.0,4
